Product ID,Product Name,Brand,Description,Color,Material,Gender,Fit
1,Sunset Dream T-Shirt,Dreamwear,Experience the beautiful sunset with this comfy T-shirt.,Sunset Orange,Cotton,Any,Regular
2,Monochrome T-Shirt,UrbanStyle,Sleek and stylish monochrome T-shirt for a modern look.,Black and White,Cotton,Any,Regular
3,Denim Fusion Belt,DenimDaze,A fusion of denim and leather, perfect for a casual or semi-formal look.,Blue Denim and Brown Leather,Denim and Leather,Any,One Size
4,Classic Charm Belt,EleganceWear,Add a touch of charm to your outfit with this classic belt.,Brown Leather,Leather,Any,One Size
5,Modern Skinny Tie,ModaTies,Upgrade your formal attire with this modern skinny tie.,Navy Blue,Silk,Any,One Size
6,Rustic Linen Belt,HeritageStyle,Add a rustic touch to your outfit with this linen belt.,Beige Linen,Linen,Any,One Size
7,Sleek Loafers Shoes,StepAhead,Step ahead in style with these sleek loafers.,Black Leather,Leather,Any,Slim Fit
8,Earthy Chinos Belt,ChinoCharm,Pair your chinos with this earthy-toned belt for a balanced look.,Olive Green Canvas,Canvas,Any,One Size
9,Classic Oxfords Shoes,TimelessClassics,A timeless classic for formal occasions, these Oxfords never go out of style.,Brown Leather,Leather,Any,Regular
10,Casual Beanie Hat,StreetVogue,Stay casual and trendy with this comfortable beanie hat.,Charcoal Gray,Knit Fabric,Any,One Size
11,ActiveTech Pants Belt,FitGear,Designed for an active lifestyle, this belt complements sporty looks.,Black Neoprene,Neoprene,Any,One Size
12,Retro Paisley Tie,VintageChic,Add a vintage touch to your outfit with this paisley patterned tie.,Maroon and Gold,Silk,Any,One Size
13,Polished Monk Shoes,ClassicKicks,Exude sophistication with these polished monk strap shoes.,Dark Brown Leather,Leather,Any,Regular
14,Urban Cargo Belt,UrbanGear,Complete your urban look with this cargo-style belt.,Black Nylon,Nylon,Any,One Size
15,Adventure Awaits T-Shirt,OutdoorsyGear,Embark on new adventures with this adventurous T-shirt.,Forest Green,Cotton,Any,Regular
16,Bold High-Tops Sneakers,StreetBold,Make a statement with these bold high-tops.,Red and Black,Canvas,Any,Slim Fit
17,Geometric Charm Tie,ModaTies,Elevate your formal outfit with this geometric patterned tie.,Navy Blue and White,Silk,Any,One Size
18,Charcoal Slacks Belt,ClassicCharm,Pair your slacks with this charcoal belt for a refined look.,Charcoal Gray Leather,Leather,Any,One Size
19,Cap Toe Charm Shoes,EleganceWear,Step out in style with these cap toe shoes adorned with charm.,Black Leather,Leather,Any,Regular
20,Classic Silk Tie,TimelessClassics,Elevate your formal attire with this classic silk tie.,Deep Burgundy,Silk,Any,One Size
21,Vintage Corduroy Belt,VintageChic,Add a vintage touch to your outfit with this corduroy belt.,Rust Brown Corduroy,Corduroy,Any,One Size
22,Cosmic Voyage T-Shirt,AstroStyle,Embark on a cosmic voyage with this space-inspired T-shirt.,Navy Blue,Cotton,Any,Regular
23,Serenity Sky T-Shirt,CloudWear,Find serenity with this sky-themed T-shirt.,Sky Blue,Cotton,Any,Regular
24,Bold Camo T-Shirt,StreetBold,Make a statement with this bold camouflage T-shirt.,Green Camouflage,Cotton,Any,Regular
25,Dapper Fedora Hat,UrbanStyle,Elevate your style with this dapper fedora hat.,Black Wool,Wool,Any,One Size
26,Vintage Silk Pocket Square,VintageChic,Complete your formal look with this vintage silk pocket square.,Ivory Silk,Silk,Any,One Size
27,Fiesta Frenzy T-Shirt,PartyVibes,Bring the party to life with this vibrant and festive T-shirt.,Multicolor,Cotton,Any,Regular
28,Modern Brogues Shoes,ModaStyle,Step up your style game with these modern brogues.,Tan Leather,Leather,Any,Regular
29,Urban Splash T-Shirt,StreetVogue,Add a splash of urban style to your wardrobe with this T-shirt.,Gray and Blue,Cotton,Any,Regular
30,Bold Stripes Tie,ClassicKicks,Make a bold statement with this striped patterned tie.,Black and White,Silk,Any,One Size
31,Sleek Loafers Shoes,StepAhead,Step ahead in style with these sleek loafers.,Brown Leather,Leather,Any,Slim Fit
32,Earthy Chinos Belt,ChinoCharm,Pair your chinos with this earthy-toned belt for a balanced look.,Olive Green Canvas,Canvas,Any,One Size
33,Classic Oxfords Shoes,TimelessClassics,A timeless classic for formal occasions, these Oxfords never go out of style.,Brown Leather,Leather,Any,Regular
34,Casual Beanie Hat,StreetVogue,Stay casual and trendy with this comfortable beanie hat.,Charcoal Gray,Knit Fabric,Any,One Size
35,ActiveTech Pants Belt,FitGear,Designed for an active lifestyle, this belt complements sporty looks.,Black Neoprene,Neoprene,Any,One Size
36,Retro Paisley Tie,VintageChic,Add a vintage touch to your outfit with this paisley patterned tie.,Maroon and Gold,Silk,Any,One Size
37,Polished Monk Shoes,ClassicKicks,Exude sophistication with these polished monk strap shoes.,Dark Brown Leather,Leather,Any,Regular
38,Urban Cargo Belt,UrbanGear,Complete your urban look with this cargo-style belt.,Black Nylon,Nylon,Any,One Size
39,Adventure Awaits T-Shirt,OutdoorsyGear,Embark on new adventures with this adventurous T-shirt.,Forest Green,Cotton,Any,Regular
40,Bold High-Tops Sneakers,StreetBold,Make a statement with these bold high-tops.,Red and Black,Canvas,Any,Slim Fit
41,Geometric Charm Tie,ModaTies,Elevate your formal outfit with this geometric patterned tie.,Navy Blue and White,Silk,Any,One Size
42,Charcoal Slacks Belt,ClassicCharm,Pair your slacks with this charcoal belt for a refined look.,Charcoal Gray Leather,Leather,Any,One Size
43,Cap Toe Charm Shoes,EleganceWear,Step out in style with these cap toe shoes adorned with charm.,Black Leather,Leather,Any,Regular
44,Classic Silk Tie,TimelessClassics,Elevate your formal attire with this classic silk tie.,Deep Burgundy,Silk,Any,One Size
45,Vintage Corduroy Belt,VintageChic,Add a vintage touch to your outfit with this corduroy belt.,Rust Brown Corduroy,Corduroy,Any,One Size
46,Cosmic Voyage T-Shirt,AstroStyle,Embark on a cosmic voyage with this space-inspired T-shirt.,Navy Blue,Cotton,Any,Regular
47,Serenity Sky T-Shirt,CloudWear,Find serenity with this sky-themed T-shirt.,Sky Blue,Cotton,Any,Regular
48,Bold Camo T-Shirt,StreetBold,Make a statement with this bold camouflage T-shirt.,Green Camouflage,Cotton,Any,Regular
49,Dapper Fedora Hat,UrbanStyle,Elevate your style with this dapper fedora hat.,Black Wool,Wool,Any,One Size
50,Vintage Silk Pocket Square,VintageChic,Complete your formal look with this vintage silk pocket square.,Ivory Silk,Silk,Any,One Size
51,Fiesta Frenzy T-Shirt,PartyVibes,Bring the party to life with this vibrant and festive T-shirt.,Multicolor,Cotton,Any,Regular
52,Modern Brogues Shoes,ModaStyle,Step up your style game with these modern brogues.,Tan Leather,Leather,Any,Regular
53,Urban Splash T-Shirt,StreetVogue,Add a splash of urban style to your wardrobe with this T-shirt.,Gray and Blue,Cotton,Any,Regular
54,Bold Stripes Tie,ClassicKicks,Make a bold statement with this striped patterned tie.,Black and White,Silk,Any,One Size

