Outfit ID,Shirt/T-Shirt,Trouser,Shoes,Accessories,Target Age,Target Gender,Occasion
1,Sunset Dream T-Shirt,Earthy Chinos Belt,Sleek Loafers Shoes,Classic Silk Tie,Any,Any,Casual, Evening
2,Monochrome T-Shirt,Classic Charm Belt,Classic Oxfords Shoes,Novelty Fun Tie,Any,Any,Business Casual
3,Classic Silk Tie,Denim Fusion Belt,Retro Runner Sneakers,Vintage Corduroy Belt,Any,Any,Casual, Sporty
4,Modern Skinny Tie,Polished Monk Shoes,Vintage Corduroy Belt,Urban Splash T-Shirt,Any,Any,Formal, Business
5,Denim Dreams Sneakers,Rustic Linen Belt,Urban Cargo Belt,Cosmic Voyage T-Shirt,Any,Any,Casual, Street Style
6,Modern Brogues Shoes,ActiveTech Pants Belt,Floral Elegance Tie,Serenity Sky T-Shirt,Any,Any,Formal, Business
7,Bold High-Tops Sneakers,Plaid Sophisticate Tie,Rustic Linen Belt,Fiesta Frenzy T-Shirt,Any,Any,Casual, Street Style
8,Cap Toe Charm Shoes,Plaid Sophisticate Tie,Sleek Loafers Shoes,Doodle Daze T-Shirt,Any,Any,Formal, Business
9,Modern Skinny Tie,Vintage Corduroy Belt,Sleek Loafers Shoes,Adventure Awaits T-Shirt,Any,Any,Casual, Outdoor
10,Plaid Sophisticate Tie,Charcoal Slacks Belt,Classic Oxfords Shoes,Monochrome T-Shirt,Any,Any,Formal, Business
11,Bold Camo T-Shirt,Classic Charm Belt,Classic Oxfords Shoes,Bold Stripes Tie,Any,Any,Casual, Street Style
12,Denim Dreams Sneakers,Earthy Chinos Belt,Sleek Loafers Shoes,Modern Skinny Tie,Any,Any,Casual, Sporty
13,Adventure Awaits T-Shirt,Classic Charm Belt,Sleek Loafers Shoes,Vintage Corduroy Belt,Any,Any,Casual, Outdoor
14,Cosmic Voyage T-Shirt,Rustic Linen Belt,Sleek Loafers Shoes,Denim Fusion Belt,Any,Any,Formal, Evening
15,Serenity Sky T-Shirt,Denim Fusion Belt,Sleek Loafers Shoes,Classic Silk Tie,Any,Any,Casual, Business
16,Classic Silk Tie,Earthy Chinos Belt,Classic Oxfords Shoes,Urban Splash T-Shirt,Any,Any,Formal, Business
17,Plaid Sophisticate Tie,Denim Fusion Belt,Sleek Loafers Shoes,Sleek Loafers Shoes,Any,Any,Formal, Business
18,Bold Camo T-Shirt,Rustic Linen Belt,Classic Oxfords Shoes,Sleek Loafers Shoes,Any,Any,Casual, Street Style
19,Adventure Awaits T-Shirt,Classic Charm Belt,Sleek Loafers Shoes,Sleek Loafers Shoes,Any,Any,Casual, Outdoor
20,Serenity Sky T-Shirt,Classic Charm Belt,Sleek Loafers Shoes,Classic Silk Tie,Any,Any,Casual, Business
21,Fiesta Frenzy T-Shirt,Vintage Corduroy Belt,Sleek Loafers Shoes,Retro Paisley Tie,Any,Any,Casual, Street Style
22,Classic Charm Belt,Denim Fusion Belt,Classic Oxfords Shoes,Modern Skinny Tie,Any,Any,Formal, Business
23,Cosmic Voyage T-Shirt,Charcoal Slacks Belt,Cap Toe Charm Shoes,Geometric Charm Tie,Any,Any,Casual, Street Style
24,Serenity Sky T-Shirt,ActiveTech Pants Belt,Bold High-Tops Sneakers,Bold Stripes Tie,Any,Any,Casual, Outdoor
25,Monochrome T-Shirt,Rustic Linen Belt,Classic Oxfords Shoes,Classic Silk Tie,Any,Any,Business Casual
26,Plaid Sophisticate Tie,Earthy Chinos Belt,Sleek Loafers Shoes,Dapper Fedora Hat,Any,Any,Casual, Stylish
27,Bold Camo T-Shirt,Urban Cargo Belt,Bold High-Tops Sneakers,Casual Beanie Hat,Any,Any,Casual, Street Style
28,Denim Dreams Sneakers,ActiveTech Pants Belt,Retro Paisley Tie,Rustic Linen Belt,Any,Any,Casual, Sporty
29,Modern Brogues Shoes,Denim Fusion Belt,Sleek Loafers Shoes,Monochrome T-Shirt,Any,Any,Formal, Business
30,Adventure Awaits T-Shirt,Classic Charm Belt,Classic Oxfords Shoes,Vintage Silk Pocket Square,Any,Any,Casual, Outdoor
31,Retro Paisley Tie,Denim Fusion Belt,Sleek Loafers Shoes,Earthy Chinos Belt,Any,Any,Casual, Stylish
32,Monochrome T-Shirt,Plaid Sophisticate Tie,Bold High-Tops Sneakers,Sleek Loafers Shoes,Any,Any,Casual, Street Style
33,Classic Silk Tie,Rustic Linen Belt,Classic Oxfords Shoes,Denim Dreams Sneakers,Any,Any,Casual, Sporty
34,Cosmic Voyage T-Shirt,Urban Cargo Belt,Sleek Loafers Shoes,Classic Charm Belt,Any,Any,Casual, Business
35,Serenity Sky T-Shirt,Charcoal Slacks Belt,Cap Toe Charm Shoes,Vintage Silk Pocket Square,Any,Any,Formal, Evening
36,Bold Camo T-Shirt,ActiveTech Pants Belt,Bold High-Tops Sneakers,Denim Fusion Belt,Any,Any,Casual, Street Style
37,Adventure Awaits T-Shirt,Earthy Chinos Belt,Modern Brogues Shoes,Modern Skinny Tie,Any,Any,Formal, Business
38,Plaid Sophisticate Tie,Classic Charm Belt,Classic Oxfords Shoes,Urban Splash T-Shirt,Any,Any,Casual, Outdoor
39,Modern Skinny Tie,Denim Fusion Belt,Retro Runner Sneakers,Bold Stripes Tie,Any,Any,Casual, Street Style
40,Denim Dreams Sneakers,Classic Charm Belt,Sleek Loafers Shoes,Serenity Sky T-Shirt,Any,Any,Casual, Outdoor
41,Sunset Dream T-Shirt,Earthy Chinos Belt,Sleek Loafers Shoes,Classic Silk Tie,Any,Any,Casual, Evening
42,Monochrome T-Shirt,Classic Charm Belt,Classic Oxfords Shoes,Novelty Fun Tie,Any,Any,Business Casual
43,Classic Silk Tie,Denim Fusion Belt,Retro Runner Sneakers,Vintage Corduroy Belt,Any,Any,Casual, Sporty
44,Modern Skinny Tie,Polished Monk Shoes,Vintage Corduroy Belt,Urban Splash T-Shirt,Any,Any,Formal, Business
45,Denim Dreams Sneakers,Rustic Linen Belt,Urban Cargo Belt,Cosmic Voyage T-Shirt,Any,Any,Casual, Street Style
46,Modern Brogues Shoes,ActiveTech Pants Belt,Floral Elegance Tie,Serenity Sky T-Shirt,Any,Any,Formal, Business
47,Bold High-Tops Sneakers,Plaid Sophisticate Tie,Rustic Linen Belt,Fiesta Frenzy T-Shirt,Any,Any,Casual, Street Style
48,Cap Toe Charm Shoes,Plaid Sophisticate Tie,Sleek Loafers Shoes,Doodle Daze T-Shirt,Any,Any,Formal, Business
49,Modern Skinny Tie,Vintage Corduroy Belt,Sleek Loafers Shoes,Adventure Awaits T-Shirt,Any,Any,Casual, Outdoor
50,Plaid Sophisticate Tie,Charcoal Slacks Belt,Classic Oxfords Shoes,Monochrome T-Shirt,Any,Any,Formal, Business
51,Bold Camo T-Shirt,Classic Charm Belt,Classic Oxfords Shoes,Bold Stripes Tie,Any,Any,Casual, Street Style
52,Denim Dreams Sneakers,Earthy Chinos Belt,Sleek Loafers Shoes,Modern Skinny Tie,Any,Any,Casual, Sporty
53,Adventure Awaits T-Shirt,Classic Charm Belt,Sleek Loafers Shoes,Vintage Corduroy Belt,Any,Any,Casual, Outdoor
54,Cosmic Voyage T-Shirt,Rustic Linen Belt,Sleek Loafers Shoes,Denim Fusion Belt,Any,Any,Formal, Evening
55,Serenity Sky T-Shirt,Denim Fusion Belt,Sleek Loafers Shoes,Classic Silk Tie,Any,Any,Casual, Business
56,Classic Silk Tie,Earthy Chinos Belt,Classic Oxfords Shoes,Urban Splash T-Shirt,Any,Any,Formal, Business
57,Plaid Sophisticate Tie,Denim Fusion Belt,Sleek Loafers Shoes,Sleek Loafers Shoes,Any,Any,Formal, Business
58,Bold Camo T-Shirt,Rustic Linen Belt,Classic Oxfords Shoes,Sleek Loafers Shoes,Any,Any,Casual, Street Style
59,Adventure Awaits T-Shirt,Classic Charm Belt,Sleek Loafers Shoes,Sleek Loafers Shoes,Any,Any,Casual, Outdoor
60,Serenity Sky T-Shirt,Classic Charm Belt,Sleek Loafers Shoes,Classic Silk Tie,Any,Any,Casual, Business
61,Fiesta Frenzy T-Shirt,Vintage Corduroy Belt,Sleek Loafers Shoes,Retro Paisley Tie,Any,Any,Casual, Street Style
62,Classic Charm Belt,Denim Fusion Belt,Classic Oxfords Shoes,Modern Skinny Tie,Any,Any,Formal, Business
63,Cosmic Voyage T-Shirt,Charcoal Slacks Belt,Cap Toe Charm Shoes,Geometric Charm Tie,Any,Any,Casual, Street Style
64,Serenity Sky T-Shirt,ActiveTech Pants Belt,Bold High-Tops Sneakers,Bold Stripes Tie,Any,Any,Casual, Outdoor
65,Monochrome T-Shirt,Rustic Linen Belt,Classic Oxfords Shoes,Classic Silk Tie,Any,Any,Business Casual
66,Plaid Sophisticate Tie,Earthy Chinos Belt,Sleek Loafers Shoes,Dapper Fedora Hat,Any,Any,Casual, Stylish
67,Bold Camo T-Shirt,Urban Cargo Belt,Bold High-Tops Sneakers,Casual Beanie Hat,Any,Any,Casual, Street Style
68,Denim Dreams Sneakers,ActiveTech Pants Belt,Retro Paisley Tie,Rustic Linen Belt,Any,Any,Casual, Sporty
69,Modern Brogues Shoes,Denim Fusion Belt,Sleek Loafers Shoes,Monochrome T-Shirt,Any,Any,Formal, Business
70,Adventure Awaits T-Shirt,Classic Charm Belt,Classic Oxfords Shoes,Vintage Silk Pocket Square,Any,Any,Casual, Outdoor
71,Cosmic Voyage T-Shirt,Charcoal Slacks Belt,Cap Toe Charm Shoes,Geometric Charm Tie,Any,Any,Casual, Street Style
72,Serenity Sky T-Shirt,ActiveTech Pants Belt,Bold High-Tops Sneakers,Bold Stripes Tie,Any,Any,Casual, Outdoor
73,Monochrome T-Shirt,Rustic Linen Belt,Classic Oxfords Shoes,Classic Silk Tie,Any,Any,Business Casual
74,Plaid Sophisticate Tie,Earthy Chinos Belt,Sleek Loafers Shoes,Dapper Fedora Hat,Any,Any,Casual, Stylish
75,Bold Camo T-Shirt,Urban Cargo Belt,Bold High-Tops Sneakers,Casual Beanie Hat,Any,Any,Casual, Street Style
76,Denim Dreams Sneakers,ActiveTech Pants Belt,Retro Paisley Tie,Rustic Linen Belt,Any,Any,Casual, Sporty
77,Modern Brogues Shoes,Denim Fusion Belt,Sleek Loafers Shoes,Monochrome T-Shirt,Any,Any,Formal, Business
78,Adventure Awaits T-Shirt,Classic Charm Belt,Classic Oxfords Shoes,Vintage Silk Pocket Square,Any,Any,Casual, Outdoor
79,Fiesta Frenzy T-Shirt,Vintage Corduroy Belt,Sleek Loafers Shoes,Retro Paisley Tie,Any,Any,Casual, Street Style
80,Classic Charm Belt,Denim Fusion Belt,Classic Oxfords Shoes,Modern Skinny Tie,Any,Any,Formal, Business
81,Cosmic Voyage T-Shirt,Charcoal Slacks Belt,Cap Toe Charm Shoes,Geometric Charm Tie,Any,Any,Casual, Street Style
82,Serenity Sky T-Shirt,ActiveTech Pants Belt,Bold High-Tops Sneakers,Bold Stripes Tie,Any,Any,Casual, Outdoor
83,Monochrome T-Shirt,Rustic Linen Belt,Classic Oxfords Shoes,Classic Silk Tie,Any,Any,Business Casual
84,Plaid Sophisticate Tie,Earthy Chinos Belt,Sleek Loafers Shoes,Dapper Fedora Hat,Any,Any,Casual, Stylish
85,Bold Camo T-Shirt,Urban Cargo Belt,Bold High-Tops Sneakers,Casual Beanie Hat,Any,Any,Casual, Street Style
86,Denim Dreams Sneakers,ActiveTech Pants Belt,Retro Paisley Tie,Rustic Linen Belt,Any,Any,Casual, Sporty
87,Modern Brogues Shoes,Denim Fusion Belt,Sleek Loafers Shoes,Monochrome T-Shirt,Any,Any,Formal, Business
88,Adventure Awaits T-Shirt,Classic Charm Belt,Classic Oxfords Shoes,Vintage Silk Pocket Square,Any,Any,Casual, Outdoor
89,Fiesta Frenzy T-Shirt,Vintage Corduroy Belt,Sleek Loafers Shoes,Retro Paisley Tie,Any,Any,Casual, Street Style
90,Classic Charm Belt,Denim Fusion Belt,Classic Oxfords Shoes,Modern Skinny Tie,Any,Any,Formal, Business
91,Cosmic Voyage T-Shirt,Charcoal Slacks Belt,Cap Toe Charm Shoes,Geometric Charm Tie,Any,Any,Casual, Street Style
92,Serenity Sky T-Shirt,ActiveTech Pants Belt,Bold High-Tops Sneakers,Bold Stripes Tie,Any,Any,Casual, Outdoor
93,Monochrome T-Shirt,Rustic Linen Belt,Classic Oxfords Shoes,Classic Silk Tie,Any,Any,Business Casual
94,Plaid Sophisticate Tie,Earthy Chinos Belt,Sleek Loafers Shoes,Dapper Fedora Hat,Any,Any,Casual, Stylish
95,Bold Camo T-Shirt,Urban Cargo Belt,Bold High-Tops Sneakers,Casual Beanie Hat,Any,Any,Casual, Street Style
96,Denim Dreams Sneakers,ActiveTech Pants Belt,Retro Paisley Tie,Rustic Linen Belt,Any,Any,Casual, Sporty
97,Modern Brogues Shoes,Denim Fusion Belt,Sleek Loafers Shoes,Monochrome T-Shirt,Any,Any,Formal, Business
98,Adventure Awaits T-Shirt,Classic Charm Belt,Classic Oxfords Shoes,Vintage Silk Pocket Square,Any,Any,Casual, Outdoor
99,Fiesta Frenzy T-Shirt,Vintage Corduroy Belt,Sleek Loafers Shoes,Retro Paisley Tie,Any,Any,Casual, Street Style
100,Classic Charm Belt,Denim Fusion Belt,Classic Oxfords Shoes,Modern Skinny Tie,Any,Any,Formal, Business
101,Serenity Sky T-Shirt,ActiveTech Pants Belt,Bold High-Tops Sneakers,Bold Stripes Tie,Any,Any,Casual, Outdoor
102,Monochrome T-Shirt,Rustic Linen Belt,Classic Oxfords Shoes,Classic Silk Tie,Any,Any,Business Casual
103,Plaid Sophisticate Tie,Earthy Chinos Belt,Sleek Loafers Shoes,Dapper Fedora Hat,Any,Any,Casual, Stylish
104,Bold Camo T-Shirt,Urban Cargo Belt,Bold High-Tops Sneakers,Casual Beanie Hat,Any,Any,Casual, Street Style
105,Denim Dreams Sneakers,ActiveTech Pants Belt,Retro Paisley Tie,Rustic Linen Belt,Any,Any,Casual, Sporty
106,Modern Brogues Shoes,Denim Fusion Belt,Sleek Loafers Shoes,Monochrome T-Shirt,Any,Any,Formal, Business
107,Adventure Awaits T-Shirt,Classic Charm Belt,Classic Oxfords Shoes,Vintage Silk Pocket Square,Any,Any,Casual, Outdoor
108,Fiesta Frenzy T-Shirt,Vintage Corduroy Belt,Sleek Loafers Shoes,Retro Paisley Tie,Any,Any,Casual, Street Style
109,Classic Charm Belt,Denim Fusion Belt,Classic Oxfords Shoes,Modern Skinny Tie,Any,Any,Formal, Business
110,Cosmic Voyage T-Shirt,Charcoal Slacks Belt,Cap Toe Charm Shoes,Geometric Charm Tie,Any,Any,Casual, Street Style
111,Serenity Sky T-Shirt,ActiveTech Pants Belt,Bold High-Tops Sneakers,Bold Stripes Tie,Any,Any,Casual, Outdoor
112,Monochrome T-Shirt,Rustic Linen Belt,Classic Oxfords Shoes,Classic Silk Tie,Any,Any,Business Casual
113,Plaid Sophisticate Tie,Earthy Chinos Belt,Sleek Loafers Shoes,Dapper Fedora Hat,Any,Any,Casual, Stylish
114,Bold Camo T-Shirt,Urban Cargo Belt,Bold High-Tops Sneakers,Casual Beanie Hat,Any,Any,Casual, Street Style
115,Denim Dreams Sneakers,ActiveTech Pants Belt,Retro Paisley Tie,Rustic Linen Belt,Any,Any,Casual, Sporty
116,Modern Brogues Shoes,Denim Fusion Belt,Sleek Loafers Shoes,Monochrome T-Shirt,Any,Any,Formal, Business
117,Adventure Awaits T-Shirt,Classic Charm Belt,Classic Oxfords Shoes,Vintage Silk Pocket Square,Any,Any,Casual, Outdoor
118,Fiesta Frenzy T-Shirt,Vintage Corduroy Belt,Sleek Loafers Shoes,Retro Paisley Tie,Any,Any,Casual, Street Style
119,Classic Charm Belt,Denim Fusion Belt,Classic Oxfords Shoes,Modern Skinny Tie,Any,Any,Formal, Business
120,Cosmic Voyage T-Shirt,Charcoal Slacks Belt,Cap Toe Charm Shoes,Geometric Charm Tie,Any,Any,Casual, Street Style
121,Serenity Sky T-Shirt,ActiveTech Pants Belt,Bold High-Tops Sneakers,Bold Stripes Tie,Any,Any,Casual, Outdoor
122,Monochrome T-Shirt,Rustic Linen Belt,Classic Oxfords Shoes,Classic Silk Tie,Any,Any,Business Casual
123,Plaid Sophisticate Tie,Earthy Chinos Belt,Sleek Loafers Shoes,Dapper Fedora Hat,Any,Any,Casual, Stylish
124,Bold Camo T-Shirt,Urban Cargo Belt,Bold High-Tops Sneakers,Casual Beanie Hat,Any,Any,Casual, Street Style
125,Denim Dreams Sneakers,ActiveTech Pants Belt,Retro Paisley Tie,Rustic Linen Belt,Any,Any,Casual, Sporty
126,Modern Brogues Shoes,Denim Fusion Belt,Sleek Loafers Shoes,Monochrome T-Shirt,Any,Any,Formal, Business
127,Adventure Awaits T-Shirt,Classic Charm Belt,Classic Oxfords Shoes,Vintage Silk Pocket Square,Any,Any,Casual, Outdoor
128,Fiesta Frenzy T-Shirt,Vintage Corduroy Belt,Sleek Loafers Shoes,Retro Paisley Tie,Any,Any,Casual, Street Style
129,Classic Charm Belt,Denim Fusion Belt,Classic Oxfords Shoes,Modern Skinny Tie,Any,Any,Formal, Business
130,Cosmic Voyage T-Shirt,Charcoal Slacks Belt,Cap Toe Charm Shoes,Geometric Charm Tie,Any,Any,Casual, Street Style
131,Serenity Sky T-Shirt,ActiveTech Pants Belt,Bold High-Tops Sneakers,Bold Stripes Tie,Any,Any,Casual, Outdoor
132,Monochrome T-Shirt,Rustic Linen Belt,Classic Oxfords Shoes,Classic Silk Tie,Any,Any,Business Casual
133,Plaid Sophisticate Tie,Earthy Chinos Belt,Sleek Loafers Shoes,Dapper Fedora Hat,Any,Any,Casual, Stylish
134,Bold Camo T-Shirt,Urban Cargo Belt,Bold High-Tops Sneakers,Casual Beanie Hat,Any,Any,Casual, Street Style
135,Denim Dreams Sneakers,ActiveTech Pants Belt,Retro Paisley Tie,Rustic Linen Belt,Any,Any,Casual, Sporty
136,Modern Brogues Shoes,Denim Fusion Belt,Sleek Loafers Shoes,Monochrome T-Shirt,Any,Any,Formal, Business
137,Adventure Awaits T-Shirt,Classic Charm Belt,Classic Oxfords Shoes,Vintage Silk Pocket Square,Any,Any,Casual, Outdoor
138,Fiesta Frenzy T-Shirt,Vintage Corduroy Belt,Sleek Loafers Shoes,Retro Paisley Tie,Any,Any,Casual, Street Style
139,Classic Charm Belt,Denim Fusion Belt,Classic Oxfords Shoes,Modern Skinny Tie,Any,Any,Formal, Business
140,Cosmic Voyage T-Shirt,Charcoal Slacks Belt,Cap Toe Charm Shoes,Geometric Charm Tie,Any,Any,Casual, Street Style
141,Serenity Sky T-Shirt,ActiveTech Pants Belt,Bold High-Tops Sneakers,Bold Stripes Tie,Any,Any,Casual, Outdoor
142,Monochrome T-Shirt,Rustic Linen Belt,Classic Oxfords Shoes,Classic Silk Tie,Any,Any,Business Casual
143,Plaid Sophisticate Tie,Earthy Chinos Belt,Sleek Loafers Shoes,Dapper Fedora Hat,Any,Any,Casual, Stylish
144,Bold Camo T-Shirt,Urban Cargo Belt,Bold High-Tops Sneakers,Casual Beanie Hat,Any,Any,Casual, Street Style
145,Denim Dreams Sneakers,ActiveTech Pants Belt,Retro Paisley Tie,Rustic Linen Belt,Any,Any,Casual, Sporty
146,Modern Brogues Shoes,Denim Fusion Belt,Sleek Loafers Shoes,Monochrome T-Shirt,Any,Any,Formal, Business
147,Adventure Awaits T-Shirt,Classic Charm Belt,Classic Oxfords Shoes,Vintage Silk Pocket Square,Any,Any,Casual, Outdoor
148,Fiesta Frenzy T-Shirt,Vintage Corduroy Belt,Sleek Loafers Shoes,Retro Paisley Tie,Any,Any,Casual, Street Style
149,Classic Charm Belt,Denim Fusion Belt,Classic Oxfords Shoes,Modern Skinny Tie,Any,Any,Formal, Business
150,Cosmic Voyage T-Shirt,Charcoal Slacks Belt,Cap Toe Charm Shoes,Geometric Charm Tie,Any,Any,Casual, Street Style
151,Serenity Sky T-Shirt,ActiveTech Pants Belt,Bold High-Tops Sneakers,Bold Stripes Tie,Any,Any,Casual, Outdoor
152,Monochrome T-Shirt,Rustic Linen Belt,Classic Oxfords Shoes,Classic Silk Tie,Any,Any,Business Casual
153,Plaid Sophisticate Tie,Earthy Chinos Belt,Sleek Loafers Shoes,Dapper Fedora Hat,Any,Any,Casual, Stylish
154,Bold Camo T-Shirt,Urban Cargo Belt,Bold High-Tops Sneakers,Casual Beanie Hat,Any,Any,Casual, Street Style
155,Denim Dreams Sneakers,ActiveTech Pants Belt,Retro Paisley Tie,Rustic Linen Belt,Any,Any,Casual, Sporty
156,Modern Brogues Shoes,Denim Fusion Belt,Sleek Loafers Shoes,Monochrome T-Shirt,Any,Any,Formal, Business
157,Adventure Awaits T-Shirt,Classic Charm Belt,Classic Oxfords Shoes,Vintage Silk Pocket Square,Any,Any,Casual, Outdoor
158,Fiesta Frenzy T-Shirt,Vintage Corduroy Belt,Sleek Loafers Shoes,Retro Paisley Tie,Any,Any,Casual, Street Style
159,Classic Charm Belt,Denim Fusion Belt,Classic Oxfords Shoes,Modern Skinny Tie,Any,Any,Formal, Business
160,Cosmic Voyage T-Shirt,Charcoal Slacks Belt,Cap Toe Charm Shoes,Geometric Charm Tie,Any,Any,Casual, Street Style
161,Serenity Sky T-Shirt,ActiveTech Pants Belt,Bold High-Tops Sneakers,Bold Stripes Tie,Any,Any,Casual, Outdoor
162,Monochrome T-Shirt,Rustic Linen Belt,Classic Oxfords Shoes,Classic Silk Tie,Any,Any,Business Casual
163,Plaid Sophisticate Tie,Earthy Chinos Belt,Sleek Loafers Shoes,Dapper Fedora Hat,Any,Any,Casual, Stylish
164,Bold Camo T-Shirt,Urban Cargo Belt,Bold High-Tops Sneakers,Casual Beanie Hat,Any,Any,Casual, Street Style
165,Denim Dreams Sneakers,ActiveTech Pants Belt,Retro Paisley Tie,Rustic Linen Belt,Any,Any,Casual, Sporty
166,Modern Brogues Shoes,Denim Fusion Belt,Sleek Loafers Shoes,Monochrome T-Shirt,Any,Any,Formal, Business
167,Adventure Awaits T-Shirt,Classic Charm Belt,Classic Oxfords Shoes,Vintage Silk Pocket Square,Any,Any,Casual, Outdoor
168,Fiesta Frenzy T-Shirt,Vintage Corduroy Belt,Sleek Loafers Shoes,Retro Paisley Tie,Any,Any,Casual, Street Style
169,Classic Charm Belt,Denim Fusion Belt,Classic Oxfords Shoes,Modern Skinny Tie,Any,Any,Formal, Business
170,Cosmic Voyage T-Shirt,Charcoal Slacks Belt,Cap Toe Charm Shoes,Geometric Charm Tie,Any,Any,Casual, Street Style
171,Serenity Sky T-Shirt,ActiveTech Pants Belt,Bold High-Tops Sneakers,Bold Stripes Tie,Any,Any,Casual, Outdoor
172,Monochrome T-Shirt,Rustic Linen Belt,Classic Oxfords Shoes,Classic Silk Tie,Any,Any,Business Casual
173,Plaid Sophisticate Tie,Earthy Chinos Belt,Sleek Loafers Shoes,Dapper Fedora Hat,Any,Any,Casual, Stylish
174,Bold Camo T-Shirt,Urban Cargo Belt,Bold High-Tops Sneakers,Casual Beanie Hat,Any,Any,Casual, Street Style
175,Denim Dreams Sneakers,ActiveTech Pants Belt,Retro Paisley Tie,Rustic Linen Belt,Any,Any,Casual, Sporty
176,Modern Brogues Shoes,Denim Fusion Belt,Sleek Loafers Shoes,Monochrome T-Shirt,Any,Any,Formal, Business
177,Adventure Awaits T-Shirt,Classic Charm Belt,Classic Oxfords Shoes,Vintage Silk Pocket Square,Any,Any,Casual, Outdoor
178,Fiesta Frenzy T-Shirt,Vintage Corduroy Belt,Sleek Loafers Shoes,Retro Paisley Tie,Any,Any,Casual, Street Style
179,Classic Charm Belt,Denim Fusion Belt,Classic Oxfords Shoes,Modern Skinny Tie,Any,Any,Formal, Business
180,Cosmic Voyage T-Shirt,Charcoal Slacks Belt,Cap Toe Charm Shoes,Geometric Charm Tie,Any,Any,Casual, Street Style
181,Serenity Sky T-Shirt,ActiveTech Pants Belt,Bold High-Tops Sneakers,Bold Stripes Tie,Any,Any,Casual, Outdoor
182,Monochrome T-Shirt,Rustic Linen Belt,Classic Oxfords Shoes,Classic Silk Tie,Any,Any,Business Casual
183,Plaid Sophisticate Tie,Earthy Chinos Belt,Sleek Loafers Shoes,Dapper Fedora Hat,Any,Any,Casual, Stylish
184,Bold Camo T-Shirt,Urban Cargo Belt,Bold High-Tops Sneakers,Casual Beanie Hat,Any,Any,Casual, Street Style
185,Denim Dreams Sneakers,ActiveTech Pants Belt,Retro Paisley Tie,Rustic Linen Belt,Any,Any,Casual, Sporty
186,Modern Brogues Shoes,Denim Fusion Belt,Sleek Loafers Shoes,Monochrome T-Shirt,Any,Any,Formal, Business
187,Adventure Awaits T-Shirt,Classic Charm Belt,Classic Oxfords Shoes,Vintage Silk Pocket Square,Any,Any,Casual, Outdoor
188,Fiesta Frenzy T-Shirt,Vintage Corduroy Belt,Sleek Loafers Shoes,Retro Paisley Tie,Any,Any,Casual, Street Style
189,Classic Charm Belt,Denim Fusion Belt,Classic Oxfords Shoes,Modern Skinny Tie,Any,Any,Formal, Business
190,Cosmic Voyage T-Shirt,Charcoal Slacks Belt,Cap Toe Charm Shoes,Geometric Charm Tie,Any,Any,Casual, Street Style
191,Serenity Sky T-Shirt,ActiveTech Pants Belt,Bold High-Tops Sneakers,Bold Stripes Tie,Any,Any,Casual, Outdoor
192,Monochrome T-Shirt,Rustic Linen Belt,Classic Oxfords Shoes,Classic Silk Tie,Any,Any,Business Casual
193,Plaid Sophisticate Tie,Earthy Chinos Belt,Sleek Loafers Shoes,Dapper Fedora Hat,Any,Any,Casual, Stylish
194,Bold Camo T-Shirt,Urban Cargo Belt,Bold High-Tops Sneakers,Casual Beanie Hat,Any,Any,Casual, Street Style
195,Denim Dreams Sneakers,ActiveTech Pants Belt,Retro Paisley Tie,Rustic Linen Belt,Any,Any,Casual, Sporty
196,Modern Brogues Shoes,Denim Fusion Belt,Sleek Loafers Shoes,Monochrome T-Shirt,Any,Any,Formal, Business
197,Adventure Awaits T-Shirt,Classic Charm Belt,Classic Oxfords Shoes,Vintage Silk Pocket Square,Any,Any,Casual, Outdoor
198,Fiesta Frenzy T-Shirt,Vintage Corduroy Belt,Sleek Loafers Shoes,Retro Paisley Tie,Any,Any,Casual, Street Style
199,Classic Charm Belt,Denim Fusion Belt,Classic Oxfords Shoes,Modern Skinny Tie,Any,Any,Formal, Business
200,Cosmic Voyage T-Shirt,Charcoal Slacks Belt,Cap Toe Charm Shoes,Geometric Charm Tie,Any,Any,Casual, Street Style
